,cavsCost,noncavsCost,totCost,cavsFlow,nonCavsFlow,pedestrianFlow,rebalancingFlow,bikeFlow,subwayFlow
0,60.45989245164946,116.26114279477213,115.70313029134088,53013.70127527375,6926861.04976799,2.5824926527929458e-05,22055.828385140663,11506.101728370555,0
1,52.7609750249014,48.5177934570853,50.63938424099335,2764851.6754092323,3396649.5595749756,1.234677717118543e-07,559207.4533803432,513113.34717571136,0
2,47.475259225506974,33.38897131370656,47.334396346388964,5497184.565030075,64892.80572420343,3.483778121670889e-07,905310.0949901262,976785.4779389404,0
