,cavsCost,noncavsCost,totCost,cavsFlow,nonCavsFlow,pedestrianFlow,rebalancingFlow,bikeFlow,subwayFlow
0,61.47204309612054,38.80098735701071,61.46977599054662,6004018.450950033,643.6077538063463,1.0834105841326737e-06,1209303.77833918,677045.7482695153,0
