,cavsCost,noncavsCost,totCost,cavsFlow,nonCavsFlow,pedestrianFlow,rebalancingFlow,bikeFlow,subwayFlow
0,74.71619205995592,116.64009068721646,116.22085170094383,61061.65990233701,6928857.062447908,2.1316354926339386e-06,23887.949538345445,6058.668608762636,0
1,67.65859845279915,55.30310868227426,61.4808535675367,3039952.1024805964,3400430.1540341526,2.845154850216662e-07,647298.9521101422,341638.9246475725,0
2,61.56395467247107,39.29220810161367,61.34123720676249,5948445.767897935,64619.64844330652,2.206918273856845e-06,1198141.4023011317,669622.0374624411,0
