single_share,double_share,triple_share,total_cars,reb_flow
0.8161034751431508,0.18389652485684915,0.0,506.8692327746254,174.70591489762717
0.9051648618373379,0.09483513816266209,0.0,496.4704723635003,176.8107962198178
