,cavsCost,noncavsCost,totCost,cavsFlow,nonCavsFlow,pedestrianFlow,rebalancingFlow,bikeFlow,subwayFlow
0,64.41622826420888,116.38269160921003,115.86302697576002,56408.6503648544,6927767.435395283,3.0802455150471897e-06,22303.68499580832,9274.200760016354,0
1,56.20404621810094,50.59156793325161,53.39780707567627,2887680.5192645867,3395583.6307706544,2.1851717762738203e-07,573590.4287396665,439742.1778246185,0
2,50.793473760287675,34.39151528721753,50.62945417555697,5654236.064997622,64888.46066319641,9.839315097411467e-07,987369.0986127564,882261.9896931306,0
